代码,名称
00323,马鞍山钢铁股份
00991,大唐发电
03369,秦港股份
02016,浙商银行
00525,广深铁路股份
00895,东江环保
01375,中州证券
01618,中国中冶
00347,鞍钢股份
03996,中国能源建设
01528,红星美凯龙
00338,上海石油化工股份
01812,晨鸣纸业
02866,中远海发
01053,重庆钢铁股份
06196,郑州银行
02880,辽港股份
01033,中石化油服
00588,北京北辰实业股份
02009,金隅集团
03750,宁德时代
03986,兆易创新
02476,胜宏科技
06809,澜起科技
06869,长飞光纤光缆
09980,东鹏饮料
06160,百济神州
01989,广合科技
02676,纳芯微
03200,大族数控
01304,峰岹科技
06166,剑桥科技
02359,药明康德
01347,华虹半导体
09995,荣昌生物
01211,比亚迪股份
06821,凯莱英
00300,美的集团
03296,华勤技术
00501,豪威集团
00941,中国移动
02648,安井食品
01772,赣锋锂业
09927,赛力斯
01276,恒瑞医药
00981,中芯国际
01880,中国中免
02631,天岳先进
02692,兆威机电
03606,福耀玻璃
02318,中国平安
09696,天齐锂业
02315,百奥赛图-B
00470,先导智能
00168,青岛啤酒股份
02768,国恩科技
03968,招商银行
01336,新华保险
01088,中国神华
01385,上海复旦
03347,泰格医药
01072,东方电气
02579,中伟新材
02714,牧原股份
06693,赤峰黄金
00358,江西铜业股份
03898,时代电气
02899,紫金矿业
03288,海天味业
02338,潍柴动力
06936,顺丰控股
06185,康希诺生物
02601,中国太保
02050,三花智控
01787,山东黄金
02865,钧达股份
01513,丽珠医药
00883,中国海洋石油
02628,中国人寿
06030,中信证券
01877,君实生物
00763,中兴通讯
03268,美格智能
06127,昭衍新药
06826,昊海生物科技
06031,三一重工
00921,海信家电
09611,龙旗科技
06690,海尔智家
03759,康龙化成
03908,中金公司
02196,复星医药
00914,海螺水泥
06680,金力永磁
03993,洛阳钼业
00564,中创智领
01138,中远海能
02465,龙蟠科技
09981,沃尔核材
06655,华新建材
00699,均胜电子
06613,蓝思科技
01776,广发证券
00874,白云山
00995,安徽皖通高速公路
02218,安德利果汁
00317,中船防务
06886,华泰证券
02208,金风科技
01171,兖矿能源
01919,中远海控
09969,诺诚健华
02603,吉宏股份
01898,中煤能源
02611,国泰海通
06099,招商证券
02333,长城汽车
01858,春立医疗
02701,国民技术
02715,埃斯顿
00638,广和通
02600,中国铝业
02607,上海医药
00857,中国石油股份
06066,中信建投证券
00177,江苏宁沪高速公路
00811,新华文轩
02691,南华期货股份
02039,中集集团
06865,福莱特玻璃
02883,中海油田服务
00939,建设银行
00568,山东墨龙
00038,第一拖拉机股份
01963,重庆银行
06881,中国银河
00998,中信银行
01157,中联重科
06198,青岛港
06178,光大证券
00548,深圳高速公路股份
03328,交通银行
01398,工商银行
03618,重庆农村商业银行
00902,华能国际电力股份
00916,龙源电力
00719,山东新华制药股份
01288,农业银行
01330,绿色动力环保
03958,东方证券
00107,四川成渝高速公路
01057,浙江世宝
01186,中国铁建
01339,中国人民保险集团
01658,邮储银行
00598,中国外运
03988,中国银行
01766,中国中车
00728,中国电信
00753,中国国航
09989,海普瑞
00553,南京熊猫电子股份
03866,青岛银行
00386,中国石油化工股份
01800,中国交通建设
01456,国联民生
01071,华电国际电力股份
01065,天津创业环保股份
00187,京城机电股份
01055,中国南方航空股份
00390,中国中铁
00670,中国东方航空股份
02727,上海电气
00956,新天绿色能源
03969,中国通号
01108,凯盛新能
01988,民生银行
01816,中广核电力
06818,中国光大银行
01635,大众公用
02238,广汽集团
02202,万科企业
01349,复旦张江
06806,申万宏源
03678,弘业期货
02068,中铝国际
00323,马鞍山钢铁股份
00991,大唐发电
03369,秦港股份
02016,浙商银行
00525,广深铁路股份
00895,东江环保
01375,中州证券
01618,中国中冶
00347,鞍钢股份
03996,中国能源建设
01528,红星美凯龙
00338,上海石油化工股份
01812,晨鸣纸业
02866,中远海发
